{"1": [0.373749, 0.215198, 0.239154, 0.260336, 0.311169, 0.304105, 0.212257, 0.352369, 0.279975, 0.153981, 0.196161, 0.27559, 0.199164, 0.216164, 0.212306, 0.158269, 0.255866, 0.101869, 0.245707, 0.337781, 0.25548, 0.266303, 0.371243, 0.181605, 0.089974, 0.895958, 0.956952, 0.894976, 0.786117, 0.785612, 0.753507, 0.950442, 0.903624, 0.741763, 0.743412, 0.76137, 0.948567, 0.751361, 0.860997, 0.900864, 0.873366, 0.949556, 0.897398, 0.919534, 0.908594, 0.929693, 0.929709, 0.881447, 0.822745, 0.302801, 0.270433, 0.243761, 0.272583, 0.30231, 0.292725, 0.169397, 0.19679, 0.271034, 0.296651, 0.273699, 0.224359, 0.195252, 0.229834, 0.295536, 0.21262, 0.185671, 0.234837, 0.230252, 0.259896, 0.26894, 0.310225, 0.223659, 0.205456, 0.281237, 0.190747, 0.245541, 0.237292, 0.211891, 0.234797, 0.20514, 0.264427, 0.270736, 0.264921, 0.214014, 0.212449, 0.173034, 0.082489, 0.155595, 0.117089, 0.048542, 0.135821, 0.103595, 0.187614, 0.282592, 0.22058, 0.237513], "2": [0.0, 0.0, 0.0, 0.0, 0.0, 0.0, 0.0, 0.0, 0.0, 0.029183, 0.010412, 0.099035, 0.11988, 0.0, 0.0, 0.030948, 0.004552, 0.0, 0.0, 0.0, 0.03761, 0.0, 0.0, 0.04988, 0.0, 0.0, 0.0, 0.0, 0.0, 0.0, 0.0, 0.0, 0.0, 0.0, 0.0, 0.0, 0.0, 0.0, 0.0, 0.0, 0.0, 0.0, 0.0, 0.0, 0.0, 0.0, 0.0, 0.0, 0.0, 0.0, 0.0, 0.0, 0.0, 0.0, 0.0, 0.0, 0.0, 0.0, 0.0, 0.0, 0.0, 0.0, 0.0, 0.0, 0.0, 0.0, 0.0, 0.0, 0.0, 0.0, 0.0, 0.0, 0.0, 0.0, 0.0, 0.0, 0.0, 0.0, 0.0, 0.0, 0.0, 0.0, 0.0, 0.0, 0.0, 0.0, 0.040081, 0.0, 0.0, 0.024199, 0.0, 0.058621, 0.00126, 0.0, 0.0, 0.0], "3": [0.889981, 0.722813, 0.892134, 0.731625, 0.621285, 0.839614, 0.650355, 0.983247, 0.743248, 0.874029, 0.929044, 0.808234, 0.831443, 0.78395, 0.931923, 0.870012, 0.633403, 0.930024, 0.671679, 0.86342, 0.778032, 0.570146, 0.64402, 0.588965, 0.807101, 0.38279, 0.35141, 0.275761, 0.38336, 0.33994, 0.2687, 0.283695, 0.283534, 0.280438, 0.233462, 0.221106, 0.268928, 0.344496, 0.196251, 0.238925, 0.248847, 0.247545, 0.277392, 0.266315, 0.252338, 0.33083, 0.314564, 0.284062, 0.326915, 0.276346, 0.228393, 0.230263, 0.29047, 0.288667, 0.225992, 0.110401, 0.209214, 0.244685, 0.310639, 0.272028, 0.229054, 0.146177, 0.234227, 0.178425, 0.232951, 0.174945, 0.15948, 0.231563, 0.231149, 0.192251, 0.193506, 0.232343, 0.199415, 0.281707, 0.267855, 0.337586, 0.335781, 0.304657, 0.322239, 0.31965, 0.345843, 0.337345, 0.322483, 0.354678, 0.314125, 0.325189, 0.209739, 0.227597, 0.250742, 0.202996, 0.265681, 0.203796, 0.242942, 0.302752, 0.28598, 0.288721], "4": [0.249887, 0.270195, 0.304347, 0.319134, 0.249563, 0.1571, 0.143956, 0.273402, 0.330663, 0.186415, 0.234925, 0.266451, 0.167826, 0.328964, 0.220672, 0.180936, 0.167488, 0.190351, 0.252565, 0.252665, 0.232935, 0.337106, 0.272781, 0.23068, 0.253855, 0.409267, 0.367935, 0.322397, 0.379752, 0.317794, 0.265426, 0.309326, 0.297786, 0.321527, 0.215003, 0.260883, 0.422962, 0.439493, 0.3734, 0.410723, 0.414338, 0.414537, 0.429434, 0.425637, 0.392668, 0.365099, 0.409534, 0.385136, 0.397712, 0.659306, 0.603917, 0.483108, 0.649031, 0.595291, 0.620198, 0.457619, 0.537152, 0.536991, 0.681687, 0.632297, 0.63742, 0.580909, 0.539705, 0.586141, 0.459026, 0.487178, 0.608262, 0.661942, 0.658753, 0.639379, 0.587596, 0.647668, 0.685937, 0.157345, 0.067479, 0.170892, 0.168124, 0.13791, 0.14857, 0.130282, 0.157295, 0.162958, 0.162911, 0.168104, 0.156718, 0.132098, 0.0, 0.058621, 0.090165, 0.0, 0.058533, 0.0, 0.063834, 0.161613, 0.115249, 0.133327], "5": [0.330022, 0.30939, 0.343781, 0.30486, 0.334962, 0.29853, 0.272957, 0.384219, 0.311971, 0.242389, 0.274329, 0.361176, 0.322377, 0.300922, 0.233187, 0.212919, 0.192701, 0.225696, 0.298237, 0.352975, 0.336324, 0.324348, 0.286455, 0.275855, 0.242631, 0.472055, 0.502434, 0.474026, 0.5396, 0.46738, 0.354405, 0.421503, 0.414022, 0.46316, 0.335784, 0.377448, 0.356711, 0.395431, 0.340773, 0.324488, 0.354152, 0.332584, 0.370508, 0.370622, 0.343571, 0.37992, 0.39316, 0.385478, 0.430656, 0.273611, 0.307949, 0.23119, 0.327622, 0.278493, 0.228065, 0.185557, 0.222392, 0.20353, 0.274502, 0.234029, 0.214371, 0.186146, 0.186775, 0.189217, 0.237678, 0.192562, 0.211884, 0.238217, 0.252359, 0.312, 0.326041, 0.218958, 0.249213, 0.244234, 0.188492, 0.289924, 0.311166, 0.252265, 0.291996, 0.285362, 0.332601, 0.342876, 0.330735, 0.314155, 0.292152, 0.259943, 0.063002, 0.126462, 0.08721, 0.073687, 0.160676, 0.006943, 0.20127, 0.282446, 0.228803, 0.20951], "6": [0.094963, 0.117887, 0.229654, 0.076793, 0.205123, 0.046673, 0.083587, 0.117274, 0.020585, 0.0, 0.0, 0.0, 0.0, 0.197699, 0.070194, 0.0, 0.0, 0.051808, 0.16861, 0.035437, 0.025844, 0.314928, 0.068296, 0.0, 0.155859, 0.409229, 0.391162, 0.291426, 0.308792, 0.248496, 0.281515, 0.262121, 0.26998, 0.262889, 0.186431, 0.229902, 0.283421, 0.413742, 0.286738, 0.301437, 0.335326, 0.327444, 0.332294, 0.327117, 0.312364, 0.345805, 0.37727, 0.367743, 0.354004, 0.267067, 0.266762, 0.290552, 0.23976, 0.24, 0.225202, 0.207745, 0.144059, 0.248794, 0.230528, 0.233042, 0.205295, 0.164886, 0.281179, 0.215527, 0.227742, 0.090412, 0.16612, 0.23609, 0.155344, 0.113582, 0.121488, 0.130338, 0.106335, 0.065856, 0.139074, 0.149543, 0.109952, 0.036822, 0.167447, 0.129052, 0.14465, 0.110176, 0.070978, 0.136355, 0.089909, 0.100494, 0.223221, 0.035255, 0.089602, 0.125946, 0.104479, 0.185412, 0.0, 0.101143, 0.088419, 0.077835], "7": [0.347691, 0.17702, 0.221361, 0.304631, 0.259914, 0.299055, 0.293622, 0.283366, 0.316761, 0.294709, 0.323254, 0.369615, 0.226003, 0.371943, 0.320893, 0.310554, 0.214813, 0.224717, 0.226761, 0.264314, 0.137342, 0.345712, 0.337696, 0.131825, 0.27851, 0.379154, 0.367377, 0.314178, 0.304078, 0.281452, 0.234155, 0.248474, 0.25084, 0.258985, 0.157896, 0.204964, 0.277633, 0.30303, 0.257334, 0.227871, 0.270237, 0.248313, 0.297886, 0.270751, 0.258403, 0.343981, 0.300162, 0.292469, 0.304514, 0.306797, 0.315701, 0.323713, 0.252731, 0.307557, 0.272212, 0.159226, 0.207602, 0.193345, 0.335054, 0.286566, 0.26276, 0.156991, 0.262253, 0.218671, 0.208537, 0.177341, 0.162818, 0.186734, 0.191145, 0.19049, 0.25087, 0.206209, 0.153987, 0.352818, 0.295987, 0.374268, 0.403725, 0.372069, 0.347666, 0.298048, 0.356617, 0.365039, 0.365262, 0.363914, 0.384398, 0.298775, 0.212391, 0.189792, 0.184627, 0.247539, 0.279768, 0.229973, 0.308558, 0.336449, 0.338386, 0.29129], "8": [0.322199, 0.227841, 0.26077, 0.267631, 0.379498, 0.276992, 0.293164, 0.293027, 0.289599, 0.265044, 0.239703, 0.212117, 0.266295, 0.339738, 0.290937, 0.22178, 0.207336, 0.295937, 0.320833, 0.379203, 0.26915, 0.328646, 0.312367, 0.201329, 0.308269, 0.373209, 0.373934, 0.376385, 0.372775, 0.275876, 0.324127, 0.287963, 0.288998, 0.302884, 0.230514, 0.25118, 0.314383, 0.340573, 0.312627, 0.292754, 0.326644, 0.328927, 0.353237, 0.336278, 0.321515, 0.289413, 0.32452, 0.255301, 0.297514, 0.345817, 0.344055, 0.329765, 0.346446, 0.334236, 0.281202, 0.301587, 0.29651, 0.273967, 0.3327, 0.321907, 0.249819, 0.252381, 0.307057, 0.261131, 0.238826, 0.244314, 0.242614, 0.239323, 0.301166, 0.261251, 0.312708, 0.239068, 0.195099, 0.211028, 0.250469, 0.312748, 0.308583, 0.274535, 0.335166, 0.320965, 0.320398, 0.296263, 0.269445, 0.361436, 0.317402, 0.349338, 0.27292, 0.264954, 0.252685, 0.242173, 0.250662, 0.262549, 0.171276, 0.268409, 0.201448, 0.223865],