{"1": [0.339169, 0.244263, 0.168132, 0.14794, 0.280372, 0.137868, 0.523105, 0.656437, 0.567874, 0.492486, 0.221645, 0.253282, 0.268436, 0.162714, 0.213502, 0.316402, 0.346736, 0.3493, 0.206772, 0.143012, 0.344002, 0.188336, 0.190714, 0.096432, 0.273188, 0.498334, 0.01723, 0.194, 0.030377, 0.081959, 0.169577, 0.226932, 0.167359, 0.189887, 0.200917, 0.246274, 0.159033, 0.214735, 0.178071, 0.152674, 0.078475, 0.262054, 0.225215, 0.254783, 0.133493, 0.233838, 0.244946, 0.248743, 0.370054, 0.236117, 0.28231, 0.155904, 0.146521, 0.154513, 0.205781, 0.113289, 0.045183, 0.264647, 0.151032, 0.230455, 0.165989, 0.18516, 0.142211, 0.165805, 0.131422, 0.179912, 0.128146, 0.111354, 0.16287, 0.083254, 0.241846, 0.220199, 0.211896, 0.274133, 0.233398, 0.174662, 0.275433, 0.202078, 0.270363, 0.250597, 0.179635, 0.11796, 0.166291, 0.237511, 0.216409, 0.306533, 0.282929, 0.246686, 0.296241, 0.246256, 0.152558, 0.179412, 0.223085, 0.31499, 0.192846, 0.232493, 0.067522, 0.177303, 0.249258, 0.196116, 0.311339, 0.215112, 0.264162, 0.181236, 0.331517, 0.210847, 0.128793, 0.114382, 0.269624, 0.117883, 0.240981, 0.051569, 0.307535, 0.248943, 0.194437, 0.221704, 0.196312, 0.199345, 0.349683, 0.120992, 0.262264, 0.263049, 0.283926, 0.151262, 0.578312, 0.213821, 0.053724, 0.13732, 0.105377, 0.143263, 0.118364, 0.291787, 0.231292, 0.139287, 0.368626, 0.353968, 0.403277, 0.520145, 0.509706, 0.35574, 0.288516, 0.430303, 0.403334, 0.36468, 0.320484, 0.200078, 0.224022, 0.268183, 0.204753, 0.155146, 0.211209, 0.272813, 0.263641, 0.275478, 0.107103, 0.179249, 0.131553, 0.145127, 0.271308, 0.264895, 0.235409, 0.145899, 0.144025, 0.202487, 0.110747, 0.080034, 0.277772, 0.150355, 0.209152, 0.123575, 0.097755, 0.023281, 0.235103, 0.062538, 0.342664, 0.086499, 0.294092, 0.374145, 0.206885, 0.370461, 0.248296, 0.226128, 0.119841, 0.158895, 0.137105, 0.18265, 0.284091, 0.297615, 0.318001, 0.273299, 0.045194, 0.136664, 0.14591, 0.246689, 0.099703, 0.109897, 0.136915, 0.156801], "2": [0.32568, 0.267698, 0.207128, 0.135776, 0.214187, 0.138394, 0.326364, 0.363638, 0.339046, 0.283439, 0.149846, 0.129498, 0.156918, 0.144112, 0.15815, 0.228895, 0.214237, 0.285394, 0.281095, 0.235933, 0.308354, 0.198673, 0.30422, 0.22853, 0.286985, 0.370306, 0.208709, 0.259864, 0.173796, 0.293082, 0.251188, 0.278605, 0.205807, 0.250394, 0.143891, 0.231325, 0.197616, 0.307599, 0.330007, 0.233094, 0.127712, 0.20751, 0.220462, 0.189378, 0.250812, 0.280448, 0.180175, 0.300358, 0.421896, 0.280231, 0.306761, 0.18266, 0.169356, 0.102968, 0.181455, 0.153054, 0.077959, 0.266751, 0.167611, 0.173634, 0.632396, 0.271626, 0.23515, 0.288211, 0.297083, 0.233053, 0.239999, 0.201285, 0.220144, 0.177789, 0.200576, 0.234705, 0.199493, 0.178016, 0.250638, 0.091397, 0.330107, 0.206187, 0.178623, 0.225332, 0.195457, 0.152467, 0.190539, 0.199581, 0.219213, 0.348057, 0.217499, 0.194547, 0.286698, 0.241482, 0.152298, 0.108432, 0.205985, 0.206306, 0.239617, 0.192355, 0.109378, 0.157545, 0.344794, 0.155394, 0.272733, 0.212506, 0.283893, 0.253247, 0.37084, 0.23043, 0.217503, 0.230665, 0.258756, 0.191722, 0.281086, 0.242451, 0.326007, 0.320469, 0.211309, 0.216074, 0.203303, 0.188401, 0.203479, 0.184755, 0.317618, 0.20391, 0.251401, 0.136906, 0.25565, 0.118136, 0.050031, 0.308285, 0.081815, 0.141813, 0.091703, 0.252203, 0.218183, 0.249981, 0.35018, 0.339094, 0.206231, 0.212967, 0.375213, 0.13377, 0.145124, 0.350511, 0.276709, 0.345579, 0.202666, 0.178451, 0.14656, 0.312367, 0.187173, 0.212596, 0.198315, 0.164176, 0.184693, 0.232418, 0.178012, 0.140988, 0.141766, 0.189479, 0.284182, 0.207694, 0.180782, 0.210854, 0.111376, 0.183655, 0.146579, 0.101222, 0.239587, 0.142774, 0.15201, 0.1133, 0.251691, 0.191966, 0.257304, 0.083258, 0.214055, 0.051996, 0.286145, 0.221293, 0.070756, 0.260669, 0.239399, 0.208378, 0.106624, 0.214631, 0.15227, 0.109797, 0.221422, 0.249965, 0.259561, 0.18779, 0.125712, 0.070977, 0.191299, 0.287238, 0.195127, 0.148069, 0.255248, 0.251599], "3": [0.329437, 0.299422, 0.177415, 0.094837, 0.135235, 0.084628, 0.283859, 0.29132, 0.374444, 0.28057, 0.28134, 0.248312, 0.289354, 0.251195, 0.240038, 0.556362, 0.580708, 0.311452, 0.267206, 0.18768, 0.378765, 0.233779, 0.181832, 0.206818, 0.255403, 0.28913, 0.090829, 0.265145, 0.088787, 0.182648, 0.242708, 0.252707, 0.211221, 0.133772, 0.305335, 0.21655, 0.163005, 0.389424, 0.265679, 0.177042, 0.213526, 0.359344, 0.195709, 0.252553, 0.246652, 0.290522, 0.225536, 0.255999, 0.362182, 0.325112, 0.369544, 0.218081, 0.198495, 0.158574, 0.225141, 0.154746, 0.227106, 0.284319, 0.203784, 0.188486, 0.145775, 0.241977, 0.273698, 0.307685, 0.278352, 0.220845, 0.099802, 0.174369, 0.224725, 0.18065, 0.226385, 0.157258, 0.256057, 0.261873, 0.224869, 0.200961, 0.436064, 0.287668, 0.306314, 0.261392, 0.216657, 0.304439, 0.265619, 0.265868, 0.208808, 0.42521, 0.286839, 0.208439, 0.326406, 0.267113, 0.222523, 0.071393, 0.174365, 0.250497, 0.287074, 0.205613, 0.135129, 0.211974, 0.221714, 0.081544, 0.160403, 0.069703, 0.210205, 0.175962, 0.379211, 0.318666, 0.167618, 0.311581, 0.318926, 0.218568, 0.256889, 0.195933, 0.295016, 0.16121, 0.181159, 0.190036, 0.221896, 0.169486, 0.271386, 0.121434, 0.285611, 0.167305, 0.300569, 0.202395, 0.266207, 0.354538, 0.201153, 0.066774, 0.274229, 0.313634, 0.267297, 0.339106, 0.0844, 0.252065, 0.268126, 0.395892, 0.22602, 0.288286, 0.300362, 0.227726, 0.15235, 0.126093, 0.233403, 0.402097, 0.320748, 0.237385, 0.235057, 0.190137, 0.172263, 0.313072, 0.285794, 0.299688, 0.241232, 0.30265, 0.274726, 0.14156, 0.228769, 0.136397, 0.268398, 0.271452, 0.159085, 0.21777, 0.145331, 0.226346, 0.152646, 0.255418, 0.28304, 0.220783, 0.139842, 0.220598, 0.143371, 0.117057, 0.239762, 0.093999, 0.244761, 0.155102, 0.295046, 0.352411, 0.093607, 0.415111, 0.264432, 0.239998, 0.062999, 0.141413, 0.16252, 0.151033, 0.285275, 0.341419, 0.414681, 0.369087, 0.175023, 0.119363, 0.207003, 0.20551, 0.206206, 0.186095, 0.2282, 0.235895], "4": [0.332328, 0.252256, 0.23687, 0.198424, 0.202592, 0.182658, 0.280824, 0.21453, 0.255416, 0.335891, 0.18675, 0.243156, 0.203663, 0.199071, 0.20459, 0.293497, 0.283041, 0.542363, 0.590178, 0.516013, 0.47813, 0.609858, 0.519951, 0.500967, 0.488724, 0.240107, 0.496923, 0.617722, 0.412368, 0.430941, 0.442573, 0.501735, 0.475289, 0.436386, 0.201731, 0.160066, 0.137528, 0.308404, 0.357264, 0.249498, 0.264087, 0.296554, 0.371506, 0.21693, 0.224313, 0.290838, 0.248821, 0.310906, 0.437867, 0.367676, 0.400171, 0.249714, 0.234296, 0.201674, 0.308226, 0.226924, 0.132155, 0.299445, 0.207535, 0.130111, 0.157915, 0.528682, 0.502742, 0.448987, 0.440549, 0.528599, 0.439194, 0.660061, 0.534569, 0.561088, 0.610191, 0.175032, 0.167845, 0.116525, 0.354665, 0.051743, 0.364036, 0.196127, 0.195579, 0.131326, 0.159709, 0.118962, 0.139804, 0.218305, 0.201905, 0.316191, 0.17698, 0.097829, 0.258785, 0.279834, 0.073767, 0.152107, 0.175275, 0.316091, 0.231557, 0.257586, 0.177576, 0.213377, 0.076638, 0.008384, 0.160105, 0.041288, 0.128094, 0.108447, 0.236583, 0.203102, 0.16354, 0.450136, 0.61843, 0.525681, 0.644271, 0.50246, 0.594055, 0.512681, 0.502699, 0.492044, 0.022655, 0.015165, 0.288643, 0.090886, 0.380955, 0.202901, 0.375126, 0.169516, 0.150564, 0.288133, 0.180814, 0.113708, 0.234649, 0.261357, 0.245296, 0.330993, 0.198412, 0.173977, 0.307547, 0.411828, 0.011294, 0.138992, 0.346208, 0.040585, 0.086518, 0.16659, 0.14328, 0.317315, 0.297652, 0.175126, 0.066662, 0.272939, 0.090782, 0.290663, 0.200949, 0.18553, 0.167962, 0.173828, 0.099805, 0.088362, 0.322981, 0.151757, 0.362462, 0.164974, 0.103049, 0.240658, 0.228373, 0.305088, 0.226841, 0.178932, 0.324008, 0.17089, 0.129508, 0.096125, 0.555381, 0.400584, 0.249778, 0.180244, 0.352654, 0.103566, 0.254464, 0.273988, 0.06586, 0.317153, 0.073481, 0.087516, 0.111547, 0.088448, 0.081118, 0.048228, 0.184601, 0.190451, 0.29837, 0.207863, 0.11276, 0.122919, 0.218363, 0.270326, 0.209644, 0.174062, 0.221076, 0.255607],